product_number,department_desc,avg_elasticity,total_orders,avg_discount
2,MENS OWN BRAND FOOTWEAR,321685687669320.94,185,10.829700460829491
12,MENS OWN BRAND BOTTOMS,7.822387467672923,286,36.16067588325653
18,MENS OWN BRAND BOTTOMS,2.6935606060606063,2211,18.807559339784945
20,MENS OWN BRAND BOTTOMS,1.2100727482677818,2207,17.55032850559579
25,MENS OWN BRAND BOTTOMS,2.2504266042241996,492,24.62782701169798
30,MENS OWN BRAND BOTTOMS,1.0512253634711761,1635,14.91495770609319
37,MENS OWN BRAND BOTTOMS,2.0709955803214983,1979,29.016207839288334
46,MENS OWN BRAND BOTTOMS,2.8895245176431392,1966,18.526737961213517
51,MENS OWN BRAND BOTTOMS,2.5087377026293054,2599,19.385574489230404
56,MENS OWN BRAND BOTTOMS,2.7520169134313357,3124,12.21977679387167
63,MENS OWN BRAND TOPS,750599937895083.4,96,32.27468253968254
65,MENS OWN BRAND BOTTOMS,4.172276368605426,3550,44.978587459135845
66,MENS OWN BRAND TOPS,7.057651321398125,182,36.157407407407405
67,MENS OWN BRAND BOTTOMS,6.604608864724983,2170,26.289914900537635
68,MENS OWN BRAND BOTTOMS,3.2788289601877563,1657,28.401089624633435
77,MENS OWN BRAND TOPS,1.0792052813070816,450,15.574786644806807
79,MENS OWN BRAND TOPS,1.7699432058675852,885,13.499081455383328
83,MENS OWN BRAND TOPS,4.788222076560347,189,20.61540694789082
85,MENS OWN BRAND TOPS,5.2303880290433495,3357,29.107705184711513
89,MENS OWN BRAND TOPS,2.662447239461338,790,20.8937012987013
91,MENS OWN BRAND TOPS,9.284107245147798,1585,38.09905180912945
94,MENS OWN BRAND TOPS,25.794996238797715,1864,20.6810344469251
96,MENS OWN BRAND TOPS,750599937895081.2,1902,36.35224565756824
98,MENS OWN BRAND TOPS,16.078607807883373,436,23.18493375576037
100,MENS OWN BRAND TOPS,6.558268590455064,1025,12.8027950310559
101,MENS BRANDED CLOTHING,31895490933596.57,704,44.589999999999996
102,MENS OWN BRAND TOPS,1.1138722257553797,997,22.666666666666668
103,MENS OWN BRAND TOPS,5.5801218118406055,608,27.93103448275862
107,MENS OWN BRAND OUTERWEAR,1.4577080259554172,94,40.31415898617512
129,MENS OWN BRAND OUTERWEAR,1.0814476553953476,1141,32.74766142314311
134,MENS OWN BRAND OUTERWEAR,237.2224360180448,2297,32.77281701677054
137,MENS OWN BRAND OUTERWEAR,1.23234486021246,1845,47.29369167486476
141,MENS OWN BRAND OUTERWEAR,3.665401861679966,1702,49.35821186340541
145,MENS OWN BRAND OUTERWEAR,1.9973646678182153,220,28.561123911930363
161,MENS OWN BRAND TOPS,3.913361306950675,2388,22.62563106330229
163,MENS OWN BRAND TOPS,2.052626120887654,497,39.57948401382488
180,MENS OWN BRAND TOPS,2.6975534786586075,1609,21.514712362693512
182,MENS OWN BRAND TOPS,1.7308209893792714,1470,18.651368177334017
187,MENS OWN BRAND TOPS,5.591357918670294,2600,23.60477566450643
188,MENS OWN BRAND TOPS,8.45847461435616,1696,18.66527380952381
193,MENS OWN BRAND TOPS,1.1501846860077565,765,33.258214009032784
197,MENS OWN BRAND TOPS,2.6440604726905637,800,25.35188986827957
203,MENS OWN BRAND TOPS,7.77172280870051,420,21.35269674786325
216,MENS OWN BRAND TOPS,324.6571816462412,2585,14.453480844450095
222,MENS BRANDED CLOTHING,1.087727997649301,152,14.45476858345021
226,MENS BRANDED CLOTHING,1.9867680593073451,1898,31.48041491321045
227,MENS BRANDED CLOTHING,1.2194614547614873,149,18.915337738753568
231,MENS BRANDED CLOTHING,1.134321950114384,205,17.467522492868117
235,MENS BRANDED CLOTHING,19.598008865131987,588,12.991690742053645
240,MENS BRANDED CLOTHING,3.765939865476722,1175,38.135560675883255
244,MENS BRANDED CLOTHING,375299968947535.8,462,26.804963645673322
247,MENS BRANDED CLOTHING,1.6024947303081647,607,15.374440655621388
248,MENS BRANDED CLOTHING,4.6556234956850595,2987,14.573437546142031
256,MENS OWN BRAND TOPS,1.449591280653951,500,24.751984126984127
260,MENS OWN BRAND TOPS,10.448998427911135,453,16.826895771062272
270,MENS BRANDED CLOTHING,353961843622765.1,203,35.76242928039702
276,MENS BRANDED FOOTWEAR,1.3186829678345793,1844,19.72110599078341
285,MENS BRANDED FOOTWEAR,1.2238201167599867,285,11.073480021697389
289,MENS BRANDED FOOTWEAR,2.2066370193922102,131,14.481659343317972
305,MENS BRANDED CLOTHING,10.212740418720673,9400,11.32182993826692
306,MENS OWN BRAND KNITWEAR,1.6826342747594976,540,43.116068163239646
314,MENS BRANDED FOOTWEAR,3.346220778684547,413,17.267793786063397
317,MENS OWN BRAND OUTERWEAR,18.61851851851832,222,44.65289052258065
318,MENS OWN BRAND OUTERWEAR,6.911853501249082,191,50.69451859776169
326,MENS OWN BRAND OUTERWEAR,2.537144582325305,255,52.16202346041055
331,MENS BRANDED CLOTHING,1.4626831552426747,428,21.617008482785106
341,MENS BRANDED CLOTHING,1.190393705027035,582,14.644554336469534
348,MENS BRANDED CLOTHING,6.095717780193634,411,22.982965766951942
349,MENS BRANDED CLOTHING,2.0084287857522134,685,21.645751590958962
354,MENS BRANDED CLOTHING,1.0017914896550715,1446,17.51368780458635
361,MENS BRANDED CLOTHING,3.0001544408613134,95,14.15889033563748
362,MENS BRANDED CLOTHING,4.362251518052546,341,31.64378676366937
365,MENS BRANDED CLOTHING,2.5226041953136225,474,28.35983127918587
366,MENS BRANDED CLOTHING,1.6633343803847151,2344,26.59608873921777
373,MENS BRANDED CLOTHING,8.995972970795487,823,15.363132718894011
391,MENS OWN BRAND OUTERWEAR,1.1486162541341625,515,20.484866587017127
393,MENS OWN BRAND OUTERWEAR,3.254525606351875,1092,19.292754736303124
399,MENS OWN BRAND OUTERWEAR,1.886722786640798,588,29.05578341013825
406,MENS OWN BRAND TOPS,1.9640491486767404,3280,20.208890331114524
412,MENS OWN BRAND TOPS,3.2404747713100868,415,19.38902553763441
416,MENS BRANDED CLOTHING,1.9533566476696873,208,13.95012860463255
421,MENS OWN BRAND OUTERWEAR,2.9779274621846787,520,23.37711234946237
428,MENS OWN BRAND OUTERWEAR,4.610431253339636,1897,18.911091368899918
435,MENS OWN BRAND KNITWEAR,1.8575279517561587,2212,28.653196874193547
439,MENS OWN BRAND KNITWEAR,1.2441231214960986,2147,11.086563694470048
447,MENS OWN BRAND KNITWEAR,2.3760565544402077,1467,24.582692684331796
451,MENS OWN BRAND KNITWEAR,4.254020898592985,2344,15.154755851277754
452,MENS OWN BRAND KNITWEAR,2.747140368207538,891,13.092577105292555
460,MENS OWN BRAND KNITWEAR,1.480543236739308,1510,11.524784290182934
462,MENS OWN BRAND KNITWEAR,2.5927604588667457,973,14.090932034911326
466,MENS OWN BRAND KNITWEAR,2.29602084827965,2101,23.38117320234604
485,MENS BRANDED CLOTHING,1.1925405994395912,2320,32.80046082949309
487,MENS BRANDED CLOTHING,4.617722719315314,1372,15.895482951934564
496,MENS BRANDED CLOTHING,1.9090438546960262,3743,21.3536866359447
505,MENS BRANDED CLOTHING,1.4217894372920306,130,3.2353806169590644
508,MENS BRANDED CLOTHING,1.9811598070930192,825,17.420794930875577
512,MENS BRANDED CLOTHING,2.2570717729112126,2862,23.840895229059367
518,MENS BRANDED CLOTHING,1.573616221895807,706,18.985751945895206
535,MENS BRANDED CLOTHING,2.3743520030204768,608,16.936557713407943
545,MENS OWN BRAND DENIM,5.162512412829566,799,42.14630376344086
546,MENS OWN BRAND DENIM,1.344676010976511,2667,26.011727519792036
548,MENS OWN BRAND DENIM,1.821653954783499,2026,42.188970465018855
554,MENS BRANDED CLOTHING,2.7851897141807243,1255,38.74486559139785
555,MENS BRANDED CLOTHING,1.7137966284212047,124,21.807361586570114
556,MENS OWN BRAND TOPS,409418147942772.1,6538,16.745888325932132
565,MENS BRANDED CLOTHING,2.4763351247343306,120,51.39320532328962
566,MENS BRANDED CLOTHING,643371375338641.0,140,19.448907095750126
575,MENS BRANDED CLOTHING,1.2318882082358007,248,30.648703703703703
589,MENS BRANDED CLOTHING,5.614712422398744,1797,25.475223529411767
606,MENS BRANDED CLOTHING,6.417839896585733,2743,22.605158730158728
611,MENS BRANDED CLOTHING,2.530820819885218,2517,27.377080459770117
616,MENS BRANDED CLOTHING,68.48596285805806,266,20.24910394265233
623,MENS BRANDED CLOTHING,1.463272122080968,246,15.127605881062104
625,MENS BRANDED CLOTHING,5.635871375322895,156,33.28754388852315
640,MENS BRANDED CLOTHING,1.5185044273089512,1740,18.37877482195224
643,MENS BRANDED CLOTHING,1.4037605624274694,144,17.321635246473956
648,MENS BRANDED CLOTHING,160842843834661.28,159,20.48218699308756
649,MENS BRANDED CLOTHING,2.7358038501439865,252,25.327143
656,MENS BRANDED CLOTHING,900719925474098.4,747,25.598746543778805
659,MENS BRANDED CLOTHING,1.307894693450373,767,18.863848834305692
663,MENS BRANDED CLOTHING,4.773327107638741,248,22.503476371754875
668,MENS BRANDED CLOTHING,3.3695990350864697,1124,17.201442610599077
674,MENS BRANDED FOOTWEAR,2.770413851839642,703,19.310041433416046
679,MENS BRANDED FOOTWEAR,187649984473770.84,108,12.415692339941204
683,MENS BRANDED FOOTWEAR,2.0253244158372934,838,20.896623357228197
684,MENS OWN BRAND FOOTWEAR,1.1807177715296036,499,22.727527977777775
685,MENS OWN BRAND FOOTWEAR,3.301098901098898,798,22.291667
686,MENS OWN BRAND FOOTWEAR,2.6379192104688434,534,15.281725490196079
691,MENS OWN BRAND FOOTWEAR,3.6599398470448765,2773,11.946191179605343
714,MENS BRANDED FOOTWEAR,14.499999999999972,991,18.4375
718,MENS OWN BRAND FOOTWEAR,5.405788285406308,2437,15.903226006451613
724,MENS OWN BRAND FOOTWEAR,2.0609363911445326,2595,24.138767103742136
725,MENS OWN BRAND FOOTWEAR,1.2930282923523884,2587,16.39905243266769
727,MENS OWN BRAND FOOTWEAR,1.3563058589870913,1430,18.271164021164022
730,MENS OWN BRAND FOOTWEAR,346430740566960.56,465,40.062164126196386
733,MENS BRANDED CLOTHING,1.490909090909092,238,29.29032258064516
738,MENS BRANDED CLOTHING,20.731444703292997,125,23.585133640552993
739,MENS BRANDED CLOTHING,1.1225388390079567,2358,7.039576947772657
742,MENS BRANDED CLOTHING,1.263618355944106,958,5.091109973886328
758,MENS BRANDED CLOTHING,1.372159090909091,195,11.723225806451616
759,MENS BRANDED CLOTHING,3.951877724271128,210,6.8801744500768045
761,MENS BRANDED CLOTHING,3.3232196082936873,133,19.232718894009217
767,MENS OWN BRAND DENIM,1.6926400233997825,1404,20.432418869755033
769,MENS OWN BRAND KNITWEAR,9.887729084325267,1192,15.453842541838466
773,MENS OWN BRAND KNITWEAR,5.466374065791994,582,20.755152046942072
776,MENS OWN BRAND KNITWEAR,6.897300535987073,839,37.99571774193548
777,MENS OWN BRAND KNITWEAR,551461178861693.56,260,35.133153390388415
778,MENS OWN BRAND KNITWEAR,4.1250338399665925,862,33.5924297875064
786,MENS OWN BRAND KNITWEAR,1.565362662323576,186,25.523075066699004
791,MENS OWN BRAND KNITWEAR,3.5057197388736605,858,22.00172811059908
792,MENS OWN BRAND KNITWEAR,3.22453474821083,1099,28.24020737327189
793,MENS OWN BRAND KNITWEAR,1.4051325378804926,580,20.37442396313364
802,MENS OWN BRAND KNITWEAR,1.255440840471193,1199,20.51459293394777
805,MENS OWN BRAND KNITWEAR,1.0671105493101698,1784,15.918114477253928
806,MENS OWN BRAND KNITWEAR,1.0233379884631295,974,12.139219348613468
808,MENS OWN BRAND KNITWEAR,1.1555987666578744,805,9.36185166573165
813,MENS OWN BRAND KNITWEAR,7.701838415648542,507,29.62798229150589
814,MENS OWN BRAND KNITWEAR,562949953421311.9,4695,8.897758870689655
819,MENS OWN BRAND KNITWEAR,1.7832878137656478,1976,31.522399983158607
830,MENS OWN BRAND KNITWEAR,2.2600196874738883,2397,31.559055589887254
836,MENS OWN BRAND KNITWEAR,67.06890242443465,522,35.48524977399511
838,MENS BRANDED CLOTHING,562949953421314.9,1212,14.800783968719454
840,MENS BRANDED CLOTHING,1.9636841501204934,527,25.951612903225808
843,MENS BRANDED CLOTHING,1.3411321947375519,582,18.489529367017774
850,MENS BRANDED CLOTHING,3.735701126342794,1028,20.2725722223929
856,MENS BRANDED CLOTHING,2.4876957173548004,895,15.589534701857282
858,MENS BRANDED CLOTHING,1.1797478495326124,2801,23.284178387403994
860,MENS BRANDED CLOTHING,1.5969865336682287,8058,17.888351346201336
861,MENS BRANDED CLOTHING,1.334070930859848,808,32.46262233925828
866,MENS BRANDED CLOTHING,3.0748939556902295,2639,18.230918356545487
870,MENS BRANDED CLOTHING,4.949210496030084,1535,23.328004992319507
871,MENS BRANDED CLOTHING,1.714189817101366,1604,19.663067076292883
873,MENS BRANDED CLOTHING,1.158956151808881,2038,20.606067588325654
884,MENS BRANDED CLOTHING,2.6685964857331665,1362,25.64019851116625
885,MENS BRANDED CLOTHING,1.7570652173913042,132,19.73856209150327
886,MENS BRANDED CLOTHING,1.0470342660481822,241,23.67408906882591
887,MENS BRANDED CLOTHING,4.276052649652654,1407,17.735591133004927
900,MENS BRANDED CLOTHING,6.344910150394375,1494,21.090399385560676
901,MENS BRANDED CLOTHING,2.780576120378061,789,14.073780721966205
907,MENS BRANDED CLOTHING,2.4521367193664627,304,23.155414746543777
912,MENS BRANDED CLOTHING,2.1230012278045267,684,12.524481566820276
913,MENS BRANDED CLOTHING,3.649899234803052,950,18.253168202764975
914,MENS BRANDED CLOTHING,1.4521661601871982,818,17.160938300051203
929,MENS OWN BRAND TOPS,6.9598681486017036,1612,19.223998655913977
937,MENS OWN BRAND TOPS,2.8093579073174917,3248,29.22772657450077
940,MENS OWN BRAND TOPS,1.0477166806078482,3648,23.2412688172043
947,MENS OWN BRAND TOPS,4.116904556674782,2365,23.82900529100529
953,MENS OWN BRAND TOPS,2.034815363807371,2194,24.58456406717276
954,MENS OWN BRAND TOPS,2.350228911011962,2430,26.467818740399384
955,MENS OWN BRAND TOPS,4.5486052836068,1757,30.99849344204183
966,MENS OWN BRAND TOPS,4.878206139869396,2175,22.93691287338556
972,MENS OWN BRAND DENIM,3.549007732529544,124,22.615961768219833
973,MENS OWN BRAND DENIM,1.7907541794116326,257,26.86797629047619
979,MENS OWN BRAND DENIM,16.248343799159077,323,38.28201923076923
992,MENS OWN BRAND DENIM,1.3217630779211031,834,33.13472552431228
993,MENS OWN BRAND DENIM,1.4930103131675336,1008,24.445784591752332
994,MENS OWN BRAND FOOTWEAR,125099989649180.27,672,14.529606068100358
1010,MENS BRANDED CLOTHING,28.0000000000001,198,26.904761904761905
1012,MENS BRANDED CLOTHING,3.5000000000000018,211,25.44642857142857
1018,MENS BRANDED CLOTHING,9.113458842379341,417,22.2627380952381
1026,MENS BRANDED FOOTWEAR,1.5934999385221555,304,18.200680343537414
1027,MENS OWN BRAND DENIM,449.0127599844259,451,29.33868108691756
1032,MENS OWN BRAND OUTERWEAR,2.7923288637667834,483,32.036935154707045
1035,MENS OWN BRAND OUTERWEAR,4.834149580928108,2631,19.125465608684863
1042,MENS OWN BRAND FOOTWEAR,2.2244864510489535,55,20.385723684210525
1043,MENS OWN BRAND FOOTWEAR,867881178191189.9,110,21.345752688172045
1046,MENS OWN BRAND FOOTWEAR,10.304358816072433,297,17.805080516522516
1047,MENS OWN BRAND FOOTWEAR,1.670319307481432,325,20.985749437275985
1048,MENS OWN BRAND FOOTWEAR,57188566696769.7,305,14.770467741935482
1054,MENS BRANDED CLOTHING,1.346021107736067,316,13.52449374588545
1055,MENS BRANDED CLOTHING,2.558831586541388,213,14.030954861092823
1059,MENS BRANDED CLOTHING,6.027167644265633,798,21.563201937061383
1062,MENS BRANDED CLOTHING,31.645003812926596,721,29.951095517385838
1064,MENS BRANDED CLOTHING,2.0662829316963167,693,20.966162869388675
1065,MENS BRANDED CLOTHING,1.5694602847111139,562,18.452929558920342
1067,MENS BRANDED CLOTHING,8.815601315557847,476,24.701447004608294
1071,MENS BRANDED CLOTHING,2.133649875865955,140,17.650002326848426
1075,MENS BRANDED CLOTHING,1.1277802579129501,147,18.01172222222222
1078,MENS OWN BRAND TOPS,1.8586443725073296,2413,19.30772977470558
1081,MENS OWN BRAND TOPS,18.867800876045525,906,18.63888888888889
1083,MENS OWN BRAND TOPS,3.1617156771857475,1531,21.953433179723504
1086,MENS OWN BRAND TOPS,3.603634315373182,1000,18.42499532469278
1087,MENS OWN BRAND TOPS,7.580162986829028,988,16.357174603174602
1091,MENS OWN BRAND TOPS,6.838047605852211,347,19.110883870967744
1092,MENS OWN BRAND TOPS,2.136553920276508,2380,14.349078341013826
1094,MENS OWN BRAND TOPS,1.14023751492085,232,18.23479088116185
1095,MENS OWN BRAND TOPS,1.0176019285684177,1801,26.508954900070126
1099,MENS OWN BRAND TOPS,1.9040171428953825,338,21.61728870741845
1100,MENS OWN BRAND TOPS,3.2396604551452612,848,19.266776185099847
1101,MENS OWN BRAND TOPS,3.152874278791268,2504,31.757992576359126
1113,MENS OWN BRAND DENIM,2.7367249267097202,551,22.7443527265745
1116,MENS OWN BRAND DENIM,292361958317151.94,5840,6.444837862337662
1121,MENS OWN BRAND DENIM,1.4064504492500827,10264,19.058575889678124
1123,MENS OWN BRAND DENIM,1.0882208583290658,5406,20.570950637634407
1125,MENS OWN BRAND DENIM,1.994406816860419,10156,20.800268445183427
1129,MENS OWN BRAND DENIM,1.856056851873334,9717,18.824348794316435
1139,MENS BRANDED CLOTHING,1.7870027256769845,418,16.62903240092166
1170,MENS BRANDED CLOTHING,1.9323285605743696,1295,24.932868747078075
1171,MENS BRANDED CLOTHING,1.200485109864594,1723,20.02356886840758
1173,MENS BRANDED CLOTHING,1.0717130971378308,717,22.781574834702464
1182,MENS BRANDED FOOTWEAR,1.1281180089312983,713,13.362903309139783
1184,MENS BRANDED FOOTWEAR,6.464878558015367,160,17.01943411390402
1195,MENS BRANDED FOOTWEAR,6.523913043478222,129,8.805376844086021
1200,MENS OWN BRAND FOOTWEAR,306822513526327.9,15369,1.911757778832668
1201,MENS OWN BRAND FOOTWEAR,1.6375701568887853,2226,13.578576097105508
1204,MENS OWN BRAND FOOTWEAR,6.024085365549089,2698,25.726281595580936
1207,MENS BRANDED CLOTHING,1.068503707485244,222,25.39109062980031
1214,MENS BRANDED CLOTHING,1.5356824641593823,132,21.09062980030722
1218,MENS BRANDED CLOTHING,58.80416490487586,2531,19.946295839844026
1221,MENS BRANDED CLOTHING,80421421917331.5,262,20.569625
1226,MENS BRANDED CLOTHING,11.199999999999983,146,27.261904761904763
1229,MENS BRANDED CLOTHING,1.1023473074257546,554,22.00019201228879
1231,MENS BRANDED CLOTHING,3.4314367995302626,859,20.026442835198594
1234,MENS BRANDED CLOTHING,1.23515351126005,424,21.31290322580645
1239,MENS BRANDED CLOTHING,53.34075967148241,272,23.65147636115378
1255,MENS BRANDED CLOTHING,7.351174932417764,175,19.356989247311827
1263,MENS BRANDED CLOTHING,1.7815668079749054,1030,11.53225831451613
1264,MENS BRANDED CLOTHING,10.196006989985648,861,20.455407969639467
1265,MENS BRANDED CLOTHING,1.6298836242726513,481,20.75
1269,MENS BRANDED CLOTHING,4.7408746060239695,709,12.98245647368421
1288,MENS BRANDED CLOTHING,4.184689225769744,743,22.19758064516129
1310,MENS OWN BRAND TOPS,35.36891912056397,1865,30.66355587703554
1312,MENS OWN BRAND TOPS,1.433624216273698,3288,17.6221899204282
1313,MENS OWN BRAND TOPS,4.526586141278549,2114,38.22268542597455
1315,MENS OWN BRAND TOPS,1.2808917085412717,2588,34.527828558577156
1316,MENS OWN BRAND TOPS,1.5665959552993858,4565,36.88740964736526
1318,MENS OWN BRAND TOPS,2.2370811450584394,3046,14.243963330576236
1320,MENS OWN BRAND TOPS,1.5745647421867075,629,19.769587142570913
1321,MENS OWN BRAND TOPS,21.740501433630143,665,26.40280258513498
1322,MENS OWN BRAND TOPS,21.179151603073702,970,23.78571048601769
1331,MENS OWN BRAND FOOTWEAR,2.624712739083579,14636,17.778735722688758
1332,MENS OWN BRAND TOPS,6.511066841550165,120,21.660248384764177
1335,MENS OWN BRAND TOPS,13.991542092132773,1343,35.04949383493463
1340,MENS OWN BRAND BOTTOMS,15.731171348493815,3145,32.69120897402306
1342,MENS OWN BRAND TOPS,1.2649131513647638,456,20.64516129032258
1345,MENS OWN BRAND TOPS,1.0907356267826616,191,22.571167659027882
1346,MENS OWN BRAND TOPS,2.679862090827163,1142,21.48038058231312
1348,MENS OWN BRAND BOTTOMS,3.189166569155854,284,36.420927713715756
1350,MENS OWN BRAND TOPS,10.50497531290514,588,23.172640692640694
1359,MENS OWN BRAND TOPS,26.335235604317784,2614,32.23567676907229
1360,MENS OWN BRAND TOPS,15.713785937995164,2615,38.48110506193779
1361,MENS OWN BRAND TOPS,7.326330590393932,2156,22.068663419477186
1367,MENS BRANDED CLOTHING,1668702177720436.5,730,11.76
1368,MENS BRANDED CLOTHING,1801439850948198.5,468,11.76
1369,MENS BRANDED CLOTHING,1708638404081170.0,1082,11.76
1370,MENS BRANDED CLOTHING,1064487184651208.2,567,11.76
1387,MENS OWN BRAND FOOTWEAR,18.517163996673336,177,51.17753812815449
1393,MENS OWN BRAND FOOTWEAR,44.88097570692809,1292,22.630412808744612
1397,MENS OWN BRAND FOOTWEAR,1.5727013518415678,1051,17.105352275537633
1404,MENS BRANDED FOOTWEAR,1.0244389070102589,196,34.73058542413381
1414,MENS OWN BRAND FOOTWEAR,2.0961391329009684,8622,5.242007412442397
1418,MENS OWN BRAND FOOTWEAR,7.878427485626195,1572,25.793590756401816
1429,MENS BRANDED CLOTHING,17.23472665892293,385,19.542943548387097
1440,MENS BRANDED CLOTHING,1.3193592365371507,173,21.125
1443,MENS BRANDED CLOTHING,2.5185185185185195,80,22.142857142857142
1446,MENS BRANDED CLOTHING,1.0060918462980315,254,26.28571428571429
1460,MENS BRANDED CLOTHING,8.16085018273058,544,25.251536098310293
1466,MENS BRANDED CLOTHING,6.589850057670111,440,19.67741935483871
1472,MENS BRANDED CLOTHING,1.3326446380205126,424,12.172043210752689
1481,MENS BRANDED CLOTHING,643371375338642.6,430,22.994321922317315
1491,MENS BRANDED CLOTHING,1.0041856044683963,1563,9.917742135483872
1492,MENS BRANDED CLOTHING,2.329369732969779,195,8.700077054915514
1504,MENS BRANDED CLOTHING,1.263954934819353,529,16.774193798387095
1513,MENS BRANDED CLOTHING,5.4616428850021,188,27.419354838709676
1531,MENS OWN BRAND BOTTOMS,4.905334335081045,1235,54.51409171075838
1538,MENS OWN BRAND TOPS,2.2075307622442217,276,44.17355376344086
1545,MENS OWN BRAND TOPS,168884986026393.5,8764,21.594407274543368
1546,MENS OWN BRAND TOPS,1.4120313030258789,3765,8.719262152756443
1551,MENS OWN BRAND TOPS,1.1499903669044567,3080,21.64330312121212
1556,MENS OWN BRAND TOPS,8.760911489759621,3470,26.588690582863972
1559,MENS OWN BRAND TOPS,7.513782508621556,3184,23.42025787613462
1570,MENS OWN BRAND TOPS,2.578173550566541,242,24.74343644943474
1571,MENS OWN BRAND OUTERWEAR,1.159097010462128,770,40.919156327543426
1577,MENS BRANDED CLOTHING,4.456120225211758,1156,29.480240553553973
1586,MENS OWN BRAND BOTTOMS,1.0264448253100615,579,15.095823857718894
1589,MENS OWN BRAND BOTTOMS,3.9869263576584797,7089,7.767619547619048
1596,MENS OWN BRAND BOTTOMS,1.270746845274567,4375,13.814423007844102
1601,MENS OWN BRAND BOTTOMS,155265680148788.97,9939,4.839047870967742
1602,MENS OWN BRAND BOTTOMS,1.7733293060635635,5125,8.351334709459277
1606,MENS OWN BRAND BOTTOMS,2.7310065081309944,3062,25.067705828804836
1611,MENS OWN BRAND BOTTOMS,14.376706143523997,954,16.53269278033794
1613,MENS OWN BRAND BOTTOMS,14.281705260551158,340,38.48991090629801
1616,MENS OWN BRAND BOTTOMS,2.7380427906602613,1054,24.645293168880457
1628,MENS OWN BRAND BOTTOMS,21.288034849684042,653,54.940929339477734
1642,MENS OWN BRAND BOTTOMS,1.6465836218150256,134,43.68985414208909
1644,MENS OWN BRAND BOTTOMS,2.055532707028887,93,36.46034538937764
1652,MENS OWN BRAND TOPS,2.0623924994406773,322,21.012169808685936
1658,MENS OWN BRAND TOPS,1.3121254375705358,2075,26.035226593925234
1660,MENS OWN BRAND TOPS,1.6790732025237458,884,23.759606952447065
1661,MENS OWN BRAND TOPS,15.770065816749847,3977,31.683351899315742
1667,MENS OWN BRAND TOPS,2.744061152132393,9056,18.42909107150191
1668,MENS OWN BRAND TOPS,1.0797743744462507,12637,28.77860282443601
1671,MENS OWN BRAND TOPS,1.3083843837630642,1111,32.2284780967742
1679,MENS OWN BRAND BOTTOMS,1.6992002247968974,2255,28.49782641334918
1681,MENS OWN BRAND BOTTOMS,1.4523648183025404,1491,15.057069646318352
1683,MENS OWN BRAND BOTTOMS,1.7326994620534015,1907,11.632345285860431
1684,MENS OWN BRAND BOTTOMS,4.3520169071821195,3526,14.4655732366773
1695,MENS OWN BRAND FOOTWEAR,1.9140027893303766,7672,14.46675336467373
1699,MENS OWN BRAND FOOTWEAR,1.8679159689071396,7346,13.74409015594803
1703,MENS OWN BRAND TOPS,3.728300880687337,1586,12.27128593372833
1711,MENS OWN BRAND FOOTWEAR,2.806683100376572,1372,28.728596777850925
1714,MENS OWN BRAND FOOTWEAR,1.5610290831401117,1333,27.975985297344746
1715,MENS OWN BRAND FOOTWEAR,19.7845403015896,928,34.1883843537415
1717,MENS OWN BRAND FOOTWEAR,3.3322752324890907,1578,17.861065974831032
1721,MENS OWN BRAND FOOTWEAR,3.680878116327521,1139,36.83640545508741
1722,MENS OWN BRAND FOOTWEAR,5.854642985386694,445,29.877138925951613
1723,MENS OWN BRAND FOOTWEAR,12.526315789473658,185,28.898809523809526
1728,MENS OWN BRAND FOOTWEAR,4.9309087693392115,337,35.80512421627936
1729,MENS OWN BRAND FOOTWEAR,2.567745537883445,388,38.46775707755441
1730,MENS OWN BRAND FOOTWEAR,2.011650430555596,762,34.66844949914686
1731,MENS OWN BRAND FOOTWEAR,18.51720658786673,473,30.01367307404756
1734,MENS OWN BRAND FOOTWEAR,268071406391100.84,139,15.400979548387099
1736,MENS OWN BRAND FOOTWEAR,921382675011782.8,267,18.89
1737,MENS OWN BRAND FOOTWEAR,546865669037846.2,245,30.619216589861754
1746,MENS OWN BRAND FOOTWEAR,50.75191156288474,907,38.89374059139785
1749,MENS BRANDED CLOTHING,1.0717609800326213,659,16.20893899495282
1750,MENS BRANDED CLOTHING,4.920768034670175,2571,23.114840563902597
1759,MENS BRANDED CLOTHING,1.5285674669355793,1530,2.259277009276438
1764,MENS BRANDED CLOTHING,8.262157805782063,5173,22.393421131324214
1767,MENS BRANDED CLOTHING,4.638313765198958,2034,23.7630918378718
1768,MENS BRANDED CLOTHING,3.9124099518093525,490,10.124463794714247
1772,MENS BRANDED CLOTHING,2.4704396918921994,230,26.742620473996052
1779,MENS BRANDED CLOTHING,1.2253437040055026,1326,26.59615720872163
1786,MENS BRANDED CLOTHING,1.2786630109428256,2161,29.327486575707702
1787,MENS BRANDED CLOTHING,15.589321811592146,809,31.711349392542942
1789,MENS BRANDED CLOTHING,1.015017439921913,1373,28.278861092824226
1805,MENS BRANDED FOOTWEAR,4.137605106391568,1130,23.612903225806452
1806,MENS BRANDED FOOTWEAR,7.698254492313036,803,14.675883256528419
1824,MENS BRANDED CLOTHING,3.3177567374958166,196,26.6647465437788
1832,MENS BRANDED CLOTHING,1.4447648925350376,2102,20.440640772438005
1843,MENS BRANDED CLOTHING,1.0093950220746337,279,12.020079285055958
1848,MENS BRANDED CLOTHING,2.9461994991608744,536,17.733333533333333
1850,MENS BRANDED CLOTHING,2.020380549288988,1416,15.025772923313246
1854,MENS BRANDED CLOTHING,4.241636286792366,1390,25.383333533333335
1857,MENS BRANDED CLOTHING,1.900382088849927,392,20.965893729925988
1858,MENS BRANDED CLOTHING,1.0317978385987039,457,21.061899874319227
1861,MENS BRANDED CLOTHING,1.0416681046783554,1096,12.92741960483871
1862,MENS BRANDED CLOTHING,1.9759925939825231,360,9.1837505
1869,MENS BRANDED CLOTHING,18.102223708720622,1070,18.1605222734255
1876,MENS BRANDED CLOTHING,1.4845964665213067,515,20.95353046594982
1877,MENS BRANDED CLOTHING,2.91237546129287,157,17.2003955453149
1882,MENS BRANDED CLOTHING,1.1402516053450558,272,16.7758182750297
1893,MENS BRANDED CLOTHING,1.3999999999999997,358,23.57142857142857
1898,MENS OWN BRAND KNITWEAR,3.9935522645996855,210,50.57653958944282
1901,MENS BRANDED CLOTHING,1.2983344669356893,440,52.370396825396824
1905,MENS BRANDED CLOTHING,1.5925317433331005,679,22.360625
1908,MENS OWN BRAND OUTERWEAR,482528531503979.6,160,6.788307219662058
1911,MENS OWN BRAND BOTTOMS,1.1732473550142408,188,31.96803829523809
1913,MENS BRANDED FOOTWEAR,4.910482599271263,468,8.050810506144392
1917,MENS BRANDED CLOTHING,2.206045668668316,796,23.032770097286228
1918,MENS BRANDED CLOTHING,1.2586359767791715,408,29.977321784946238
1928,MENS BRANDED CLOTHING,4.806870284896058,275,22.719789335088876
1936,MENS BRANDED CLOTHING,1.3199588990525457,679,22.270468509984642
1938,MENS BRANDED CLOTHING,1.0058920911601903,1596,26.23571589324117
1942,MENS BRANDED CLOTHING,3.0719524224576755,989,32.96370980241936
1954,MENS BRANDED CLOTHING,1.1014350932508374,2147,24.30342520071685
1961,MENS BRANDED FOOTWEAR,14.60435149978885,120,11.600948717948718
1967,MENS BRANDED CLOTHING,6.042759881000048,299,37.588656025089605
1970,MENS BRANDED CLOTHING,2.457102834404377,230,28.349465657230635
1983,MENS BRANDED CLOTHING,2.197892880655139,361,12.454562143432057
1986,MENS BRANDED CLOTHING,12.864890416933523,155,25.889182795698925
1990,MENS BRANDED CLOTHING,6.262746553698175,172,13.287199180747567
2001,MENS BRANDED CLOTHING,2.5770030499051413,354,9.46501921575199
2003,MENS BRANDED CLOTHING,1.5883205451608728,416,14.332795898924733
2012,MENS BRANDED CLOTHING,1.270623742454728,151,20.752016129032256
2014,MENS BRANDED CLOTHING,7.605976956295692,343,24.545340501792115
2016,MENS BRANDED CLOTHING,3.586096150469768,200,6.784306362263185
2018,MENS BRANDED CLOTHING,1.2973562053812178,164,8.082652885304661
2020,MENS BRANDED CLOTHING,1.3317016848493566,868,17.337681159420292
2024,MENS BRANDED CLOTHING,2.0101084455068507,182,26.380913978494625
2026,MENS BRANDED CLOTHING,1.980962442752498,248,19.512412442215986
2028,MENS BRANDED CLOTHING,3.086341169852936,596,25.502509116409538
2029,MENS BRANDED CLOTHING,11.32647498921886,484,23.289367561430574
2030,MENS BRANDED CLOTHING,4.406007377853847,284,17.354360812425327
2038,MENS BRANDED CLOTHING,1.1581980395279639,1017,18.395797041149276
2041,MENS BRANDED CLOTHING,1.077514253125628,6033,1.9269320026455026
2044,MENS BRANDED CLOTHING,4.124856052442364,1996,16.687353697998628
2055,MENS OWN BRAND FOOTWEAR,8.730396859673284,1945,17.58415668202765
2057,MENS OWN BRAND FOOTWEAR,3.721164152752311,2708,18.455241359447005
2063,MENS OWN BRAND KNITWEAR,1.9177107510207114,1550,10.805552905516466
2067,MENS OWN BRAND KNITWEAR,409418147942773.4,903,47.33497651166038
2071,MENS OWN BRAND OUTERWEAR,1.9801379177167144,2620,31.794684002633314
2073,MENS OWN BRAND OUTERWEAR,12.012172874551275,1507,13.693646182949308
2074,MENS OWN BRAND OUTERWEAR,1.250289239044323,3778,9.67636559139785
2075,MENS OWN BRAND OUTERWEAR,1.4017926549230137,1229,15.361568466096116
2076,MENS OWN BRAND OUTERWEAR,2.787032913687722,3892,21.59930491551459
2092,MENS BRANDED CLOTHING,1.2923312469294983,735,14.623655913978496
2100,MENS BRANDED CLOTHING,5.138745605345134,138,21.971743087557602
2108,MENS OWN BRAND TOPS,900719925474100.0,176,6.389039572192513
2112,MENS OWN BRAND DENIM,2.0133447932768838,3241,17.959994899001536
2114,MENS OWN BRAND DENIM,409418147942772.94,3925,10.241557102606556
2115,MENS OWN BRAND DENIM,1.069232889775125,743,15.106277521761392
2117,MENS OWN BRAND DENIM,3.8220238268254523,645,13.140039767878477
2122,MENS OWN BRAND DENIM,1.6652155966753357,389,11.98583785628947
2126,MENS OWN BRAND DENIM,2.378639485340059,2065,17.061357009805096
2127,MENS OWN BRAND DENIM,10.693558068689908,4115,23.896747078073865
2132,MENS BRANDED CLOTHING,1.7686746653777858,275,27.381097158218125
2134,MENS BRANDED CLOTHING,346430740566961.56,593,10.03425503502742
2138,MENS BRANDED CLOTHING,145.14169074614492,386,19.080854301250373
2141,MENS OWN BRAND BOTTOMS,556.3162485584305,2822,21.12341003584229
2162,MENS BRANDED CLOTHING,4.57511753601794,593,23.748675115207373
2164,MENS BRANDED CLOTHING,2.067657967843135,350,26.445921658986173
2173,MENS BRANDED CLOTHING,1.6341708187886088,290,12.244215453763442
2176,MENS BRANDED CLOTHING,415716888680353.0,703,40.709199999999996
2177,MENS BRANDED CLOTHING,1.7352465877702117,919,20.67868023252688
2181,MENS BRANDED CLOTHING,2.05128205128205,128,31.5
2188,MENS BRANDED CLOTHING,1.1890922412632914,400,7.666094165103619
2189,MENS BRANDED CLOTHING,1.549908972403231,455,15.70583717357911
2196,MENS BRANDED CLOTHING,1.9421622901126117,405,5.2529571892473115
2199,MENS BRANDED CLOTHING,2.746177654119967,1781,10.715717078620305
2200,MENS BRANDED CLOTHING,1.4325852990695598,264,9.46126837831907
2201,MENS BRANDED CLOTHING,1.330728962821962,1091,11.234913320166777
2203,MENS BRANDED CLOTHING,1.211309223437062,197,18.58842018196857
2209,MENS OWN BRAND TOPS,1.1075121416057552,5809,6.0518293225806445
2211,MENS BRANDED CLOTHING,1.9012881268553952,990,19.010826239428777
2213,MENS BRANDED CLOTHING,6.059794591817298,186,15.115181259600615
2220,MENS BRANDED CLOTHING,73.78181818182048,81,20.26590909090909
2228,MENS BRANDED CLOTHING,10.333835805876273,668,20.794042132982224
2229,MENS BRANDED CLOTHING,1.5511136876772629,215,14.434415328286153
2231,MENS OWN BRAND FOOTWEAR,5.2350597092836955,685,40.066264260454005
2239,MENS OWN BRAND BOTTOMS,643371375338642.9,396,9.764802172481897
2240,MENS OWN BRAND TOPS,299044752326989.9,3654,7.532094670046083
2258,MENS OWN BRAND OUTERWEAR,1.043626292848614,1773,20.1318797502589
2266,MENS OWN BRAND OUTERWEAR,2.5067664329758608,86,23.721763331138906
2270,MENS OWN BRAND KNITWEAR,2.9058631401358013,1097,48.700322659419435
2273,MENS OWN BRAND KNITWEAR,750599937895083.0,236,3.8442027589605736
2275,MENS OWN BRAND KNITWEAR,1.1150871979677426,2434,24.188067710122798
2281,MENS OWN BRAND KNITWEAR,3.0231654368460963,3278,18.86659301981606
2282,MENS OWN BRAND KNITWEAR,2.441187634680493,3082,19.20716330897015
2284,MENS OWN BRAND KNITWEAR,2.814169033310669,1529,32.04300274590374
2286,MENS OWN BRAND KNITWEAR,2.4056963041163035,1247,17.51486516672575
2287,MENS OWN BRAND KNITWEAR,11.064158394783068,1191,38.27780125641869
2295,MENS BRANDED CLOTHING,6.8103979968473,6161,32.38105355156523
2303,MENS BRANDED FOOTWEAR,2.316488901923756,407,17.13561443932412
2307,MENS OWN BRAND BOTTOMS,1.5220723955983662,2682,8.127297952380953
2308,MENS OWN BRAND BOTTOMS,250199979298361.1,1469,5.349888888888889
2310,MENS OWN BRAND BOTTOMS,643371375338642.9,850,5.354795918367347
2312,MENS OWN BRAND BOTTOMS,643371375338643.2,833,5.358476190476191
2325,MENS OWN BRAND TOPS,44.17893239625287,1827,21.981349206349208
2331,MENS OWN BRAND BOTTOMS,3.2758430249910493,1005,26.66868641439206
2339,MENS OWN BRAND TOPS,9.124284509877436,301,18.782819892473118
2345,MENS BRANDED FOOTWEAR,18.205421977018514,472,37.275555555555556
2350,MENS OWN BRAND FOOTWEAR,2.9348587515590894,784,20.54091508095238
2351,MENS OWN BRAND FOOTWEAR,2.313903417450647,2291,10.9743137640553
2352,MENS OWN BRAND FOOTWEAR,40941814794277.05,734,24.455431364334586
2353,MENS OWN BRAND FOOTWEAR,1.00563278295137,1719,25.014166177908113
2357,MENS BRANDED FOOTWEAR,1.670439373112621,371,10.491163074074073
2360,MENS OWN BRAND FOOTWEAR,1.3624440693406084,128,35.16129032258065
2361,MENS BRANDED FOOTWEAR,1.6125315684587356,385,17.080645286290324
2365,MENS OWN BRAND FOOTWEAR,1.4639932332031873,296,22.67621142771804
2366,MENS OWN BRAND FOOTWEAR,230953827044609.56,348,20.898269326207295
2371,MENS OWN BRAND FOOTWEAR,1.5583354442798938,2438,11.28937574859191
2375,MENS OWN BRAND FOOTWEAR,1.4688917487480297,5785,29.277722816331913
2377,MENS OWN BRAND FOOTWEAR,2.1068793215907378,208,22.697113415258574
2379,MENS OWN BRAND FOOTWEAR,1.7119479067265517,1505,7.912757653609831
2384,MENS OWN BRAND FOOTWEAR,2.080753409868651,405,39.7261977891363
2386,MENS OWN BRAND FOOTWEAR,1.8268333023780565,1065,27.208629032258063
2393,MENS BRANDED CLOTHING,1.3987912743022657,235,11.480099583497916
2395,MENS BRANDED CLOTHING,1.6175824175824152,294,46.152073875576036
2396,MENS BRANDED FOOTWEAR,3.818716075026981,200,12.312301257087
2405,MENS BRANDED FOOTWEAR,4.103184103651911,210,24.262555555555554
2410,MENS OWN BRAND FOOTWEAR,1.3216760454588703,8354,18.799039170506912
2412,MENS BRANDED FOOTWEAR,6.264223793817648,484,33.19762724014337
2414,MENS BRANDED CLOTHING,3.215786441911232,177,33.064516129032256
2415,MENS BRANDED CLOTHING,2.0231481481481475,130,21.25
2419,MENS BRANDED CLOTHING,1.3164734654241017,170,22.543202764976957
2420,MENS BRANDED CLOTHING,3.29466790925124,250,18.878648233486942
2421,MENS BRANDED CLOTHING,6.4829468056706,790,22.341589861751153
2422,MENS BRANDED CLOTHING,112.00000000000318,351,26.726190476190474
2437,MENS BRANDED CLOTHING,1.250891203900785,369,16.355453149001537
2438,MENS BRANDED CLOTHING,6.3257564266877395,1087,14.27941493518743
2450,MENS BRANDED CLOTHING,1.5044145243784297,261,23.44388940092166
2461,MENS BRANDED CLOTHING,8.257485029940122,1136,22.551587301587304
2463,MENS BRANDED CLOTHING,11.199999999999983,162,18.174603174603178
2469,MENS BRANDED CLOTHING,1.0931989924433247,385,24.840838509316768
2476,MENS BRANDED CLOTHING,1.3001991163494484,1633,11.013916452211381
2480,MENS BRANDED CLOTHING,1.6064398159005644,612,10.114567332309267
2481,MENS BRANDED CLOTHING,4.4967724668396345,1070,18.330933179723502
2482,MENS BRANDED CLOTHING,2.6955647347907155,468,14.60365463389657
2489,MENS BRANDED FOOTWEAR,172.12847372972254,299,14.696856633888691
2492,MENS BRANDED FOOTWEAR,420665899259883.25,548,15.429196725535494
2506,MENS BRANDED FOOTWEAR,1.4393939393939386,270,16.598240651026394
2512,MENS OWN BRAND TOPS,2.6249957914819575,1272,26.649705581157193
2519,MENS OWN BRAND TOPS,1.3635280995931693,882,29.31778801843318
2520,MENS OWN BRAND TOPS,8.688651095577578,4246,20.258206233421753
2529,MENS OWN BRAND TOPS,2.1463753416063405,332,23.38095238095238
2534,MENS OWN BRAND TOPS,15.189577426019202,2411,18.745135688684076
2535,MENS OWN BRAND TOPS,1.1197641721111817,2472,23.64159727275177
2536,MENS OWN BRAND TOPS,1.584636125176225,2085,26.9654057859703
2547,MENS OWN BRAND TOPS,2.805948478207596,1445,23.464096466973885
2548,MENS OWN BRAND TOPS,3.681827474779155,2062,23.042207849992053
2553,MENS OWN BRAND TOPS,2.0,851,22.5
2569,MENS OWN BRAND FOOTWEAR,482528531503981.94,82,16.07947619047619
2571,MENS OWN BRAND FOOTWEAR,2.134090014033396,219,9.045827474654379
2575,MENS OWN BRAND FOOTWEAR,1.2839446504632932,452,18.83064516129032
2587,MENS BRANDED CLOTHING,2.1717874237923733,1073,4.964747413580247
2589,MENS BRANDED CLOTHING,1.8816968014756308,659,14.66591582927612
2591,MENS BRANDED CLOTHING,1.3400047342006873,680,16.618663594470046
2594,MENS BRANDED CLOTHING,1.8367519198347684,376,10.012855088709676
2595,MENS BRANDED CLOTHING,1.0230345617163397,474,13.923043410752689
2599,MENS BRANDED CLOTHING,19.409511500882388,709,14.65144359809085
2604,MENS BRANDED CLOTHING,67.33828877787428,2277,25.860171296905857
2617,MENS OWN BRAND DENIM,1.469386936425222,355,28.003878593372832
2619,MENS OWN BRAND KNITWEAR,6.253836971547594,1597,13.739705747401601
2621,MENS OWN BRAND OUTERWEAR,1.0321867203516473,9451,9.88715177770463
2625,MENS OWN BRAND KNITWEAR,1.4180188922335937,1542,21.357245115224828
2629,MENS OWN BRAND KNITWEAR,1.3009621101893696,2768,12.701032258064515
2630,MENS OWN BRAND KNITWEAR,2.423512680181611,3406,15.132224497428705
2631,MENS OWN BRAND DENIM,1.2725371331217574,846,21.17351919143029
2640,MENS OWN BRAND KNITWEAR,1.1525828171259176,1344,14.810867895545314
2641,MENS OWN BRAND KNITWEAR,2.4975909405109418,1683,21.83559384164223
2642,MENS OWN BRAND KNITWEAR,1.3712143595896156,2056,17.538055768902545
2647,MENS OWN BRAND KNITWEAR,7.596337374683655,2671,26.94642857142857
2661,MENS OWN BRAND KNITWEAR,4.81138920740595,152,16.54795364990316
2665,MENS OWN BRAND DENIM,1.1455413035016926,13402,6.9602203691289874
2666,MENS BRANDED CLOTHING,8.666627156174213,393,30.483614299678813
2667,MENS BRANDED CLOTHING,1.0765290909035632,796,27.61999853533026
2669,MENS BRANDED CLOTHING,1.2448592680478359,755,20.67956989247312
2670,MENS BRANDED CLOTHING,1.1186229627711661,1080,23.137732389730083
2671,MENS BRANDED CLOTHING,10.040442944623496,1755,31.143954355935925
2672,MENS BRANDED CLOTHING,4.65975763199724,1976,31.069887311059908
2676,MENS BRANDED CLOTHING,1.2404840439666924,1426,10.001536398310291
2690,MENS BRANDED CLOTHING,2.0072619067993513,290,14.954941259088582
2691,MENS BRANDED CLOTHING,2.4366391184573035,327,24.46236559139785
2692,MENS BRANDED CLOTHING,2.503027726357254,190,6.459024443548387
2695,MENS BRANDED CLOTHING,6.039364847841037,2843,22.95620152399113
2696,MENS BRANDED CLOTHING,1.0543557432417743,175,22.07273006563329
2709,MENS BRANDED CLOTHING,6.012586097329684,1092,29.855077769414574
2711,MENS BRANDED CLOTHING,2.208115411389494,856,11.084352278545827
2712,MENS BRANDED CLOTHING,1.541205414726567,1132,29.772184341728906
2715,MENS BRANDED CLOTHING,2.203571428571428,162,33.3345
2726,MENS BRANDED CLOTHING,3.3230086360785442,185,54.60144927536232
2735,MENS BRANDED CLOTHING,1.1902688941849744,355,15.381441239505657
2740,MENS BRANDED CLOTHING,2.0481430026101926,490,13.20463263173608
2741,MENS BRANDED CLOTHING,2.888141716451923,1009,25.70753162966066
2747,MENS OWN BRAND TOPS,9.275367119434701,4053,15.40488798845563
2748,MENS OWN BRAND TOPS,15.497470957876043,2083,11.258276906416166
2757,MENS OWN BRAND TOPS,1.0004679812503867,704,12.229937788018434
2759,MENS OWN BRAND TOPS,5.165356668109198,1283,16.729038984200134
2762,MENS OWN BRAND TOPS,4.199999999999999,352,23.839285714285715
2769,MENS OWN BRAND TOPS,1.1970313727178796,750,23.533136044880784
2775,MENS OWN BRAND TOPS,7.37115817545447,1567,12.321936059907834
2779,MENS OWN BRAND TOPS,1.900304136820571,1642,33.87764182424917
2781,MENS OWN BRAND TOPS,2.854983186273129,1459,18.538592933947776
2784,MENS OWN BRAND TOPS,3.6719793168014303,1250,20.508004352278547
2798,MENS OWN BRAND TOPS,1.9346011246072428,2654,17.032782408335002
2802,MENS OWN BRAND TOPS,7.824910766566916,1648,16.148660714285715
2805,MENS OWN BRAND TOPS,4.475703839370165,289,25.333043478260873
2812,MENS OWN BRAND TOPS,1.9744781964322378,726,17.89173611111111
2819,MENS BRANDED FOOTWEAR,1286742750677284.0,686,20.097619047619048
2825,MENS OWN BRAND FOOTWEAR,321685687669321.3,86,17.2437405422427
2838,MENS BRANDED CLOTHING,1.3862288862860395,4278,17.307891602833248
2849,MENS BRANDED CLOTHING,1.0976820095149784,230,9.504619619047618
2850,MENS BRANDED CLOTHING,5.776688195674541,183,19.388897849462364
2852,MENS BRANDED CLOTHING,2.033589573701544,333,12.995645661290322
2856,MENS BRANDED CLOTHING,1.6952985008242873,377,17.096198256682026
2857,MENS BRANDED CLOTHING,1.6648236861171017,598,38.43333333333334
2865,MENS BRANDED CLOTHING,11.74469889737067,594,27.389247311827955
2868,MENS BRANDED CLOTHING,89747380025524.88,441,20.86061224489796
2872,MENS BRANDED CLOTHING,1.1014039050315587,880,11.356004836402587
2884,MENS BRANDED CLOTHING,1.6728966412705186,741,17.95826440473542
2885,MENS BRANDED CLOTHING,2.7173704331323325,568,18.18226766513057
2886,MENS BRANDED CLOTHING,1.151081045027959,1121,19.578579915770607
2888,MENS BRANDED CLOTHING,2.976367582550735,687,24.907718040621265
2890,MENS BRANDED CLOTHING,3.298728641480506,687,20.64168394777266
2896,MENS OWN BRAND FOOTWEAR,2.428542484727365,2258,33.461981733486944
2900,MENS OWN BRAND FOOTWEAR,1.9154152512019926,1395,47.09380382837256
2905,MENS OWN BRAND TOPS,22.77421739214628,390,15.391394777265745
2907,MENS BRANDED FOOTWEAR,9.352693273333903,396,23.252545314900154
2920,MENS BRANDED CLOTHING,1.1849424552429662,156,41.612903225806456
2925,MENS OWN BRAND KNITWEAR,1.6142515957247254,358,29.087271148206636
2935,MENS BRANDED CLOTHING,1.2573737761403803,80,25.66023518762344
2937,MENS OWN BRAND TOPS,1.469486336557001,2104,16.6694209577239
2942,MENS OWN BRAND TOPS,14.407449383607453,2745,36.904198851583644
2945,MENS BRANDED FOOTWEAR,2.9968144132097594,554,15.527086317008798
2949,MENS BRANDED CLOTHING,64.2763617853125,282,15.15745029109063
2950,MENS BRANDED CLOTHING,1.0184031095481925,235,7.6577456803261255
2957,MENS BRANDED CLOTHING,1.443059530910257,348,6.969188052910052
2961,MENS BRANDED CLOTHING,1.985355130906987,207,10.406891495601172
2986,MENS BRANDED CLOTHING,1.6663745609664617,513,20.616167434715823
2998,MENS BRANDED FOOTWEAR,50.70867189508258,406,19.783772542300277
3006,MENS BRANDED FOOTWEAR,6.401411856292156,1529,11.112903559139783
3012,MENS BRANDED FOOTWEAR,321685687669322.7,470,16.17442766096116
3014,MENS BRANDED CLOTHING,1.3011510245373332,1132,10.707755372255724
3019,MENS BRANDED CLOTHING,3.2387281494876587,220,13.041474654377879
3021,MENS BRANDED CLOTHING,1.0453352769679298,395,21.339285714285715
3034,MENS BRANDED CLOTHING,16.16155086439011,398,23.035714285714285
3037,MENS BRANDED CLOTHING,1.0413618877739428,311,14.5715821812596
3042,MENS BRANDED CLOTHING,39.026955068847194,395,14.556451862903225
3045,MENS BRANDED CLOTHING,5.832897047411272,164,17.57278110599078
3047,MENS BRANDED CLOTHING,1.3919417690739238,369,14.164746543778802
3057,MENS BRANDED CLOTHING,7.405482028780836,534,16.150393625192013
3058,MENS BRANDED CLOTHING,2.2865636145977986,634,10.646601382488479
3059,MENS BRANDED CLOTHING,1.2248729238258875,370,12.778657834101383
3062,MENS BRANDED CLOTHING,3.0947436239565675,212,13.661674347158218
3067,MENS BRANDED CLOTHING,3.1622754680794993,697,19.40812211981567
3069,MENS BRANDED CLOTHING,4.034119496855345,305,39.03508771929825
3070,MENS BRANDED CLOTHING,3.941023287495212,1280,11.422318479854113
3071,MENS BRANDED CLOTHING,1.0793808453866227,663,15.283333666666666
3072,MENS BRANDED CLOTHING,1.443000382011762,596,34.449999999999996
3080,MENS BRANDED CLOTHING,1.4008001175632014,963,17.443548387096772
3082,MENS BRANDED CLOTHING,1.0754314473934812,1172,17.341672152732063
3084,MENS BRANDED CLOTHING,1.1338522572338494,754,21.366524028966428
3085,MENS BRANDED CLOTHING,3.6375389426849316,1129,12.597726009758743
3090,MENS BRANDED CLOTHING,2.9999999999999947,285,19.615384615384613
3095,MENS BRANDED CLOTHING,3.2325574965801316,203,34.52596774193549
3096,MENS BRANDED CLOTHING,3.9206775324062852,284,34.7828801843318
3103,MENS OWN BRAND BOTTOMS,562949953421312.2,205,4.18500940860215
3106,MENS BRANDED CLOTHING,321685687669322.06,153,16.1519898905057
3111,MENS BRANDED CLOTHING,1.6129337044311458,480,21.66829752428831
3112,MENS BRANDED CLOTHING,1.2350758937179267,571,18.122556207233625
3115,MENS BRANDED CLOTHING,1.2256876869285003,188,23.80089989759345
3122,MENS BRANDED CLOTHING,2.9927649989761678,162,12.0142822711945
3129,MENS BRANDED CLOTHING,1.1836451098069969,445,17.330755102040815
3133,MENS BRANDED CLOTHING,2.2129008879266094,488,22.72705928264209
3134,MENS BRANDED CLOTHING,2.089247977525961,724,23.58918001437349
3139,MENS BRANDED CLOTHING,1.1864761229792307,1633,16.24969840926048
3142,MENS BRANDED CLOTHING,1.080142696655305,737,24.00395771900373
3147,MENS BRANDED CLOTHING,1.8619357021889895,1249,13.351702675627239
3150,MENS BRANDED CLOTHING,54.97515650473277,1306,4.704301646697389
3157,MENS OWN BRAND BOTTOMS,2.0456500960819604,2119,34.95747201937847
3158,MENS OWN BRAND BOTTOMS,5.64767222815652,2060,23.699645385688683
3160,MENS OWN BRAND KNITWEAR,2.354426092984692,363,37.45377880184332
3161,MENS OWN BRAND BOTTOMS,5.797313177387447,4096,25.761963229212277
3169,MENS OWN BRAND FOOTWEAR,1.2429731798849717,353,15.171892692560894
3178,MENS BRANDED CLOTHING,6.571382623786406,438,18.42744631989247
3180,MENS BRANDED CLOTHING,1.9462618858731449,1505,14.735410423963133
3184,MENS BRANDED CLOTHING,1.6056592523649893,823,48.56235294117647
3194,MENS BRANDED CLOTHING,8.49742273174524,652,37.96118084516129
3199,MENS BRANDED CLOTHING,5.614187006115712,1691,22.61478494623656
3200,MENS BRANDED CLOTHING,1.1574392781052998,593,15.532616487455197
3213,MENS BRANDED CLOTHING,1.5086436565880723,437,16.518099769804696
3221,MENS BRANDED CLOTHING,2.811998499682102,2070,20.46188568567588
3222,MENS BRANDED CLOTHING,3.6357997232261776,2516,17.760309993172896
3224,MENS BRANDED CLOTHING,1.6481452281095754,2704,14.872837899661057
3230,MENS BRANDED CLOTHING,1.7331243820595674,2552,26.15734115347019
3232,MENS BRANDED CLOTHING,6.577431050713483,690,37.70719903206292
3240,MENS BRANDED CLOTHING,28.95085196483534,132,31.68888353581902
3243,MENS BRANDED CLOTHING,2.7953329174877033,1109,10.316468503968254
3246,MENS BRANDED CLOTHING,9.98856014641393,1344,16.413530799283155
3250,MENS BRANDED CLOTHING,5.239957329396389,1072,26.83681796198675
3258,MENS OWN BRAND BOTTOMS,2.6546632840133597,2045,24.98218202764977
3259,MENS OWN BRAND BOTTOMS,1.1908084201538907,2547,24.98218202764977
3260,MENS OWN BRAND BOTTOMS,3.7105751391465676,1297,51.09857157142857
3273,MENS OWN BRAND BOTTOMS,346430740566961.06,1953,12.097194099807004
3275,MENS OWN BRAND BOTTOMS,1487.3745010345597,782,23.22133425499232
3278,MENS OWN BRAND BOTTOMS,2.0885745200942294,2362,39.689094590793516
3285,MENS BRANDED FOOTWEAR,1.0161041928015524,240,27.38831797235023
3289,MENS BRANDED CLOTHING,1.3067682757537442,547,8.862986857825568
3302,MENS BRANDED FOOTWEAR,265740350683352.8,603,11.620209319481964
3325,MENS OWN BRAND KNITWEAR,4.929563934240312,1755,5.316989261363636
3329,MENS OWN BRAND KNITWEAR,3.0038581088387635,264,40.88308855472013
3330,MENS OWN BRAND KNITWEAR,562949953421312.1,912,37.411633448540705
3341,MENS BRANDED CLOTHING,1.485543277244166,425,19.04244634628045
3363,MENS BRANDED CLOTHING,4.336862720253387,144,6.759479828924162
3389,MENS BRANDED CLOTHING,482528531503982.8,185,23.10589861751152
3390,MENS BRANDED CLOTHING,1.0781581451603797,234,17.017834101382487
3391,MENS BRANDED CLOTHING,2.0496071594687404,396,34.46615322580645
3393,MENS BRANDED CLOTHING,1.0208146754045833,124,31.83585752688172
3404,MENS OWN BRAND FOOTWEAR,49.76071488023477,165,24.684488572043012
3405,MENS OWN BRAND FOOTWEAR,900719925474096.8,1045,56.062
3425,MENS OWN BRAND BOTTOMS,1.2172059615241326,545,14.183289444810184
3428,MENS OWN BRAND OUTERWEAR,4.59031044499678,2438,15.416667166666667
3429,MENS OWN BRAND OUTERWEAR,2.1590881564438567,3156,25.905403225806452
3439,MENS OWN BRAND OUTERWEAR,1.822665458127914,1093,26.50939708141321
3440,MENS OWN BRAND OUTERWEAR,2.5656991321146263,1103,10.975272657450077
3446,MENS OWN BRAND OUTERWEAR,1.0354659333922287,1978,31.02826420890937
3454,MENS OWN BRAND OUTERWEAR,6.332054496392549,2186,30.549615975422427
3460,MENS OWN BRAND OUTERWEAR,1.0030674846625767,217,12.5
3477,MENS OWN BRAND FOOTWEAR,24.96805673303819,126,23.88575038402458
3478,MENS BRANDED FOOTWEAR,3.4909701585384103,1079,7.589206987061326
3493,MENS OWN BRAND OUTERWEAR,346430740566961.94,148,50.47398298475718
3502,MENS BRANDED CLOTHING,1.985276047075103,128,28.842933947772657
3503,MENS BRANDED CLOTHING,1.6906966850787633,761,23.917129633012152
3505,MENS BRANDED CLOTHING,2.1531101110938473,244,19.395668202764977
3524,MENS BRANDED CLOTHING,1.3679672846452438,457,22.792064735571646
3525,MENS BRANDED CLOTHING,4.8705365063814385,721,25.145339038841342
3528,MENS BRANDED CLOTHING,3.6354166822916714,247,8.193548887096775
3532,MENS BRANDED CLOTHING,99.71480421219675,358,16.720360522273424
3533,MENS BRANDED CLOTHING,2.476161443493573,1068,16.126024577572966
3534,MENS BRANDED CLOTHING,2.6293977037475442,948,22.913080151415407
3544,MENS BRANDED CLOTHING,2.0575640865298253,327,16.44545329185868
3545,MENS BRANDED CLOTHING,1.5208931950408728,206,21.812179956660085
3546,MENS BRANDED CLOTHING,2.6360191255240193,897,3.53166113739546
3554,MENS BRANDED CLOTHING,2.307692310256406,222,25.307692461538462
3555,MENS OWN BRAND DENIM,1.5183611153510532,7655,26.4077094017094
3559,MENS OWN BRAND DENIM,1.6370311312484236,168,28.877075411674348
3567,MENS OWN BRAND OUTERWEAR,1.5484042482487284,225,44.756674937965265
3575,MENS OWN BRAND TOPS,4.241244232451257,1413,10.198376124643405
3586,MENS OWN BRAND TOPS,2.27294402829937,1022,25.845782130056325
3588,MENS OWN BRAND TOPS,1.034660679902315,1734,23.254582161566034
3592,MENS OWN BRAND TOPS,1.8707498912180665,718,14.314441558441558
3593,MENS OWN BRAND TOPS,1.5993588888759334,738,10.130901892011137
3594,MENS OWN BRAND TOPS,1.4803572501884512,601,11.255589712018141
3602,MENS OWN BRAND TOPS,3.3838764453710395,1998,11.460393433179723
3603,MENS OWN BRAND TOPS,3.9666538360279304,335,14.356645161290322
3607,MENS OWN BRAND TOPS,5.996305319081992,332,20.8084375
3614,MENS OWN BRAND TOPS,2.122799434069452,141,18.947470030303027
3616,MENS BRANDED CLOTHING,1.1216641404902528,1246,26.416666666666668
3619,MENS BRANDED CLOTHING,1.0058922558922563,916,26.39705882352941
3625,MENS BRANDED CLOTHING,1.0886930019278866,1150,29.91358024691358
3626,MENS BRANDED CLOTHING,5.861272886832353,1139,30.11111111111111
3628,MENS BRANDED CLOTHING,2.5028387096774205,914,35.7936507936508
3629,MENS BRANDED CLOTHING,13.213060437572368,482,13.006912442396313
3640,MENS OWN BRAND TOPS,1.0279254503814934,373,15.30841733175271
3642,MENS OWN BRAND TOPS,1.8396499588496507,2823,11.78764788314873
3643,MENS OWN BRAND TOPS,3.77794698907232,1456,10.757515909589642
3648,MENS OWN BRAND TOPS,2.9101170283682882,2224,10.312047399605003
3649,MENS BRANDED CLOTHING,1.198215317778119,625,25.85557297795905
3654,MENS BRANDED CLOTHING,2.44080077897233,3141,27.420342401909153
3660,MENS BRANDED CLOTHING,1.115543815103349,1773,15.752374718637993
3664,MENS BRANDED CLOTHING,1.6551782632233472,874,24.275636712749616
3668,MENS BRANDED CLOTHING,450359962737048.75,779,27.045779447004612
3670,MENS BRANDED CLOTHING,16.682920967964854,877,28.77724137931034
3687,MENS BRANDED CLOTHING,5.91374150333695,629,13.68901059596572
3691,MENS BRANDED CLOTHING,321685687669320.6,218,21.902275619925387
3693,MENS BRANDED CLOTHING,1.0839774642032491,574,23.382818239497762
3696,MENS BRANDED CLOTHING,3.6019561290986384,179,21.915788967632214
3697,MENS BRANDED CLOTHING,2.7690950533317564,272,27.253181917928462
3699,MENS BRANDED CLOTHING,1.02695936530688,176,8.65476232142857
3700,MENS BRANDED CLOTHING,2.3181662767645883,140,13.356755169561621
3701,MENS BRANDED CLOTHING,3.1869364650831686,470,10.190476619047619
3702,MENS BRANDED CLOTHING,1.4404761928199394,100,21.411828256989246
3714,MENS BRANDED CLOTHING,10.12945501270241,284,18.67375460829493
3715,MENS BRANDED CLOTHING,6.759956427825715,165,15.771942396313364
3734,MENS BRANDED CLOTHING,1.8439506807089647,178,11.645357142857144
3754,MENS OWN BRAND FOOTWEAR,1.624109456983568,2844,5.658465465766952
3770,MENS OWN BRAND FOOTWEAR,2.42842180435262,2517,48.74241732804233
3774,MENS OWN BRAND FOOTWEAR,2.0443322651039986,324,23.688743890518083
3777,MENS BRANDED CLOTHING,3.2459970481103118,145,28.340811827956987
3791,MENS BRANDED CLOTHING,19.49172355966954,177,27.428404301075272
3819,MENS OWN BRAND TOPS,1.1454658767964865,150,25.458237327188936
3826,MENS BRANDED CLOTHING,521813470338473.44,139,28.070000000000004
3827,MENS OWN BRAND TOPS,1.2185029510247953,679,20.401523598521294
3834,MENS BRANDED CLOTHING,4.227299642557365,165,27.22444930875576
3840,MENS OWN BRAND BOTTOMS,1.8603985198062876,10341,17.139953714037397
3842,MENS OWN BRAND OUTERWEAR,4.773339611941945,160,26.547177419354835
3848,MENS BRANDED FOOTWEAR,3.500827421089911,172,15.949182795698926
3849,MENS BRANDED FOOTWEAR,10.578545733048417,156,25.87201748441312
3853,MENS BRANDED FOOTWEAR,1.6598079561042522,153,25.37
3857,MENS OWN BRAND TOPS,3.0235113641178946,2968,13.675369833424233
3859,MENS OWN BRAND BOTTOMS,2.414968424979815,1280,22.92242703533026
3863,MENS OWN BRAND BOTTOMS,12.87756166982909,212,10.152811309907834
3870,MENS OWN BRAND TOPS,8.644997424586162,638,24.94104035868552
3871,MENS OWN BRAND TOPS,4.809338130101254,334,18.378107457855958
3872,MENS OWN BRAND TOPS,6.607451282436134,992,23.395376481390127
3876,MENS OWN BRAND BOTTOMS,3.239457819407043,2258,9.55688539765745
3887,MENS OWN BRAND BOTTOMS,1.6089608013662058,990,23.286671143296026
3893,MENS OWN BRAND BOTTOMS,2.5347241551723445,10700,12.39861577772628
3896,MENS OWN BRAND BOTTOMS,1.2117577875568257,2606,35.100992378589154
3897,MENS OWN BRAND BOTTOMS,1.1561736716621032,1812,24.031812190256748
3898,MENS OWN BRAND BOTTOMS,4.217780521517076,746,27.706618297412266
3902,MENS OWN BRAND BOTTOMS,2.586082769494464,1600,28.55341752574128
3904,MENS OWN BRAND TOPS,5.04362741513814,4455,28.629105164200595
3912,MENS OWN BRAND TOPS,2.0668388669304725,2971,22.08388816482335
3914,MENS OWN BRAND TOPS,9.364149305555541,588,34.88947368421052
3916,MENS OWN BRAND BOTTOMS,20.02932585107187,5048,21.1247311827957
3925,MENS OWN BRAND BOTTOMS,1.7339485425060581,2576,17.253587228439763
3927,MENS OWN BRAND BOTTOMS,1.7801783526878567,505,34.79556451612903
3928,MENS OWN BRAND BOTTOMS,8.786516676658996,1999,42.903225806451616
3931,MENS OWN BRAND BOTTOMS,2.2894744529236477,1998,31.28809523809524
3932,MENS OWN BRAND TOPS,2.699087209105337,1805,23.12101810878126
3935,MENS OWN BRAND TOPS,1.6681157287803845,1270,17.480497795852536
3937,MENS OWN BRAND BOTTOMS,1.9151850775392485,3146,19.898109350998464
3938,MENS OWN BRAND BOTTOMS,3.219614074304631,1180,17.28712371390169
3940,MENS OWN BRAND DENIM,2.4601874359277165,363,31.06500597371565
3942,MENS OWN BRAND TOPS,1.0036856188385994,142,41.09151077053055
3943,MENS OWN BRAND TOPS,2.2067901238820378,212,25.30465983154122
3946,MENS OWN BRAND TOPS,1.2533678993342539,6600,19.659533211499834
3953,MENS OWN BRAND TOPS,3.224491174165112,14241,11.071472661868324
3956,MENS OWN BRAND TOPS,1.228220147372366,315,12.083333733333333
3967,MENS OWN BRAND TOPS,5.600000000000006,265,20.892857142857142
3968,MENS OWN BRAND TOPS,2.6488394522973793,305,30.952380952380953
3970,MENS OWN BRAND TOPS,1.0934039759200362,3924,16.31473557164801
3975,MENS OWN BRAND TOPS,53.01736939321492,2900,22.010041152263373
3977,MENS OWN BRAND TOPS,2.1783510162966295,1565,22.285952690166976
3978,MENS OWN BRAND TOPS,1.460324562260837,3238,17.523473502304146
3980,MENS OWN BRAND TOPS,2.3502024291497956,2330,29.733796296296298
3982,MENS OWN BRAND TOPS,1.0754630573002895,3269,18.12462281064249
3983,MENS OWN BRAND TOPS,9.727658742454732,965,19.064874551971325
3985,MENS OWN BRAND TOPS,3.0283020582022817,445,21.91671604125521
3986,MENS OWN BRAND TOPS,1.0166167823092602,1568,12.393076585472897
3987,MENS OWN BRAND TOPS,2.426076974856745,217,15.911342264366457
3990,MENS OWN BRAND TOPS,6.9592865451725405,1357,29.512301587301586
3996,MENS OWN BRAND DENIM,359531062689240.6,299,13.43974039938556
3999,MENS OWN BRAND TOPS,1.0621873081088131,652,27.479681451612905
4010,MENS OWN BRAND TOPS,11.469603444482011,2772,26.36012677362637
4011,MENS OWN BRAND TOPS,3.4216619458963176,1733,25.694838709677423
4015,MENS OWN BRAND TOPS,2.2224001999397474,238,22.562961697046585
4018,MENS OWN BRAND TOPS,1.5369467963457297,1112,26.676724026271124
4028,MENS OWN BRAND TOPS,2.707199151523208,1411,23.824731904893195
4032,MENS OWN BRAND TOPS,7.614734956218253,196,14.998222222222221
4034,MENS OWN BRAND TOPS,1.9845800277197458,16258,4.927233993175932
4037,MENS OWN BRAND TOPS,346430740566962.56,3476,13.317149641998201
4040,MENS OWN BRAND TOPS,1.343649620853093,520,14.731797235023041
4044,MENS OWN BRAND TOPS,750599937895083.0,251,26.566129365591397
4045,MENS OWN BRAND TOPS,2.422102810038325,142,44.289032258064516
4061,MENS BRANDED CLOTHING,2.2672130355904256,795,14.146138989247312
4064,MENS BRANDED CLOTHING,10.882707209028512,1394,16.05641055718475
4067,MENS BRANDED CLOTHING,2.4460329611248817,2283,27.81084656084656
4076,MENS BRANDED CLOTHING,1.5317883343557968,313,22.722866595769823
4077,MENS BRANDED CLOTHING,1.3148455351185153,1161,21.619965885762795
4081,MENS BRANDED CLOTHING,1.043051402981333,3138,32.283116436251916
4083,MENS BRANDED CLOTHING,409418147942772.44,1834,18.737357177806988
4086,MENS BRANDED CLOTHING,3.0333108160209474,892,23.971362810072414
4087,MENS BRANDED CLOTHING,10.514162867274832,251,20.043424412383317
4089,MENS BRANDED CLOTHING,8.917071657007456,854,16.73256733230927
4090,MENS BRANDED CLOTHING,1.8783530560415302,1902,13.890194822452637
4091,MENS BRANDED CLOTHING,1.6243628090081144,1554,18.883064682795702
4093,MENS BRANDED CLOTHING,1.0999664340544058,1590,18.545823299958105
4098,MENS BRANDED CLOTHING,1.356477721072225,1901,15.634696787250384
4105,MENS BRANDED CLOTHING,6.333004106753913,470,28.33352843890518
4113,MENS OWN BRAND FOOTWEAR,1.024840304470024,826,22.67139199078341
4116,MENS BRANDED FOOTWEAR,321685687669321.9,155,20.326828725038403
4117,MENS OWN BRAND FOOTWEAR,28.55649130489412,112,17.128403554970372
4120,MENS OWN BRAND FOOTWEAR,2.130466536528779,439,15.682948731246423
4122,MENS BRANDED CLOTHING,2.542661880280279,238,22.001609970674487
4129,MENS OWN BRAND FOOTWEAR,2.790393716232008,691,31.94231950844854
4133,MENS OWN BRAND FOOTWEAR,5.101744661914969,1706,22.902380952380952
4141,MENS OWN BRAND FOOTWEAR,1.1628612178952002,9837,8.878545238460134
4144,MENS BRANDED CLOTHING,6.187359122199103,227,21.670380184331798
4145,MENS BRANDED CLOTHING,3.746213952974934,338,39.23136712749616
4146,MENS BRANDED CLOTHING,1.0423316146102894,205,30.728581374917706
4147,MENS BRANDED CLOTHING,2.241321209546837,220,34.42815249266862
4151,MENS BRANDED CLOTHING,750599937895084.0,222,48.4
4158,MENS BRANDED CLOTHING,1.6103896103896056,290,40.10263929618768
4168,MENS BRANDED CLOTHING,2.8504089226942724,826,31.2119753489157
4169,MENS BRANDED CLOTHING,3.2730000620483914,591,20.29611059392144
4171,MENS BRANDED CLOTHING,3.008823529411764,180,21.265664160401002
4179,MENS BRANDED CLOTHING,1.7193817952386414,711,9.763654161194193
4185,MENS BRANDED CLOTHING,2.5963483146067303,120,19.475268817204302
4192,MENS BRANDED CLOTHING,2.096109166581169,100,21.64099782209556
4194,MENS BRANDED CLOTHING,2.2070331631280085,166,19.695852534562214
4196,MENS BRANDED CLOTHING,9.892944078572706,232,22.101418995750794
4198,MENS BRANDED CLOTHING,3.487327872592612,1215,23.271980030721966
4199,MENS BRANDED CLOTHING,14.127662594009157,1683,17.65399956111477
4201,MENS BRANDED CLOTHING,1.1814184456718437,2481,26.775940668202765
4202,MENS BRANDED CLOTHING,2.7499999999999956,307,19.583333333333332
4205,MENS BRANDED CLOTHING,3.645647834122771,2100,28.234688940092166
4214,MENS BRANDED CLOTHING,2.1205882352941168,178,24.5
4222,MENS BRANDED CLOTHING,1.1115461706914624,1540,14.776688564270152
4226,MENS OWN BRAND TOPS,4.033512504765867,1657,25.024776965053764
4231,MENS OWN BRAND TOPS,6.7515266068977215,1983,15.479323796497585
4234,MENS OWN BRAND TOPS,2.758965665013411,6492,9.145526883715204
4236,MENS OWN BRAND TOPS,4.901219771657274,2278,25.736937345808315
4237,MENS OWN BRAND TOPS,2.2684527694479,4160,8.79720250595238
4238,MENS BRANDED FOOTWEAR,1.508829365003707,370,17.96900716845878
4243,MENS OWN BRAND TOPS,1.4626462646264624,1716,25.37
4253,MENS OWN BRAND TOPS,1.8075495370660142,1285,28.58883512544803
4256,MENS OWN BRAND TOPS,1.2337156984916107,1460,16.70610172384366
4257,MENS OWN BRAND TOPS,14.03330308529942,805,23.744747823860727
4258,MENS OWN BRAND TOPS,11.387287275082608,1286,19.90110803891449
4264,MENS OWN BRAND TOPS,2.8335625385833874,1173,16.586540522941295
4267,MENS OWN BRAND TOPS,1.7457612451654243,1883,15.384760176651305
4275,MENS OWN BRAND TOPS,1.6934592674257842,650,16.19480222734255
4280,MENS OWN BRAND TOPS,5.810762846122263,239,26.4139147964171
4285,MENS OWN BRAND TOPS,5.181925673414569,644,29.342758620689654
4293,MENS OWN BRAND TOPS,5.126626921117909,1775,19.348061000896056
4295,MENS OWN BRAND TOPS,1.5091573457432135,592,23.300152496415773
4297,MENS OWN BRAND TOPS,3.025239170312754,909,30.305483419930876
4298,MENS OWN BRAND TOPS,2.0039972768114196,373,27.120564516129033
4299,MENS OWN BRAND TOPS,2.044564395984022,512,28.00722580645161
4300,MENS OWN BRAND TOPS,1.9686461009320393,159,26.5024
4306,MENS OWN BRAND TOPS,4.868119008641415,2780,36.46215519777091
4307,MENS OWN BRAND TOPS,1.097578193408001,589,15.385139222222222
4314,MENS OWN BRAND TOPS,2.043824033110226,1291,20.07369162826421
4327,MENS BRANDED FOOTWEAR,383285074669829.75,185,9.754907740740741
4333,MENS BRANDED FOOTWEAR,375299968947541.4,108,7.69
4336,MENS BRANDED CLOTHING,2.138030458990316,493,18.110599078341014
4343,MENS BRANDED CLOTHING,3.208814669180544,459,20.14624935995904
4347,MENS BRANDED CLOTHING,1.724452572786259,210,13.814106649111258
4348,MENS BRANDED CLOTHING,1.0431457431457427,300,11.059907834101383
4351,MENS BRANDED CLOTHING,10.441781917559025,527,12.394739930022187
4357,MENS OWN BRAND BOTTOMS,1.3464250792811845,2087,15.864823348694316
4359,MENS OWN BRAND BOTTOMS,4.066649014853136,611,15.989477726574501
4370,MENS OWN BRAND DENIM,750599937895082.9,168,23.311612903225807
4373,MENS BRANDED FOOTWEAR,20.363636363636388,167,26.99404761904762
4378,MENS BRANDED CLOTHING,1.5514581602976465,1998,19.615193470971
4382,MENS BRANDED CLOTHING,6.9627872127871795,562,19.669354838709676
4387,MENS BRANDED CLOTHING,1.1467394288387323,4918,7.469113319892473
4390,MENS BRANDED CLOTHING,6.230778803999777,1584,16.671627234126984
4391,MENS BRANDED CLOTHING,6.866336050767907,1396,15.584450677559
4397,MENS BRANDED CLOTHING,3.2294884532296515,902,14.794905273937534
4398,MENS BRANDED CLOTHING,2.1068375609672714,1574,15.297648971612105
4400,MENS BRANDED CLOTHING,2.386362237202565,305,12.863656247311829
4424,MENS BRANDED CLOTHING,2.8756582772946317,500,14.81904773015873
4426,MENS BRANDED CLOTHING,1.6048776640839102,1457,14.48
4433,MENS BRANDED CLOTHING,1.811474514862282,3288,16.282922716227908
4436,MENS OWN BRAND BOTTOMS,653397245937664.9,3870,17.645544546850996
4442,MENS OWN BRAND DENIM,778750559941514.0,371,1.92
4444,MENS OWN BRAND DENIM,9.435215946843815,315,58.81
4447,MENS OWN BRAND FOOTWEAR,1.1986925626334122,515,13.847926267281105
4452,MENS OWN BRAND BOTTOMS,3.674287001290183,2819,20.65425467339421
4458,MENS OWN BRAND BOTTOMS,37.819915933766936,1628,34.38005684011329
4459,MENS OWN BRAND BOTTOMS,52.27003581502552,3777,35.968792864206854
4461,MENS OWN BRAND BOTTOMS,3.860890399940412,1686,32.888554008326096
4467,MENS OWN BRAND FOOTWEAR,1.121659280006328,390,38.34033194009216
4474,MENS BRANDED CLOTHING,2.7763251049363373,3713,24.263614735636573
4479,MENS BRANDED CLOTHING,1.2755850845782826,786,26.14355536936182
4486,MENS BRANDED CLOTHING,9.819191919191999,411,18.103241167434714
4489,MENS BRANDED CLOTHING,2.2878717607416115,2406,34.13256528417819
4496,MENS OWN BRAND TOPS,24.468723367472222,2338,16.12860599078341
4499,MENS OWN BRAND TOPS,1.0332879566539876,3062,12.88573920464243
4504,MENS OWN BRAND TOPS,1.0474696255470848,2250,22.657106182795697
4509,MENS OWN BRAND TOPS,2381.7284194320896,1174,17.606166666666667
4515,MENS BRANDED CLOTHING,1.1784343141050462,729,25.080392156862747
4517,MENS BRANDED CLOTHING,3.702930103488512,360,28.44160019550342
4519,MENS BRANDED CLOTHING,1.0977897401665666,1253,14.656444891638525
4521,MENS BRANDED CLOTHING,3.5580656794713086,629,14.457380952380953
4527,MENS BRANDED CLOTHING,1.3802771372874365,214,20.30508975562533
4529,MENS BRANDED CLOTHING,1.6633390473719813,4589,28.9633667874925
4534,MENS BRANDED CLOTHING,118.40170212765439,1305,34.86752688172043
4541,MENS BRANDED CLOTHING,2.118460895155334,4597,21.14218135934726
4554,MENS BRANDED FOOTWEAR,11.881914893617022,695,28.035172413793106
4567,MENS BRANDED FOOTWEAR,1.325122981627106,442,13.233213068466096
4569,MENS BRANDED FOOTWEAR,4.800401165907257,290,6.811828456989247
4581,MENS BRANDED CLOTHING,2.2188679245283014,171,22.63157894736842
4585,MENS BRANDED CLOTHING,7.031246988261239,457,6.17487704729064
4591,MENS BRANDED CLOTHING,22.660215842227284,851,23.26923076923077
4598,MENS BRANDED CLOTHING,1.4000000000000008,261,19.5
4599,MENS BRANDED CLOTHING,9.020710198071905,2163,6.141321615975422
4600,MENS BRANDED CLOTHING,8.452832905971126,2080,13.823133285522273
4601,MENS BRANDED CLOTHING,8.338563813954664,1031,7.821237059139785
4607,MENS BRANDED CLOTHING,2.9817031172220188,224,22.03763440860215
4617,MENS BRANDED CLOTHING,2.0995990713596058,263,8.720147308715337
4624,MENS BRANDED CLOTHING,1.190893855450826,543,15.891806294890452
4631,MENS BRANDED CLOTHING,1.4870418331065363,2744,14.783346134152586
4635,MENS BRANDED CLOTHING,2.122282584738992,1414,16.98116183830455
4639,MENS BRANDED CLOTHING,1.3457791576860525,548,22.407834101382488
4642,MENS BRANDED CLOTHING,6.433306300994656,566,6.586021672043011
4644,MENS BRANDED CLOTHING,1.1150714328661933,500,11.560694459293396
